Date,Title,Link,Outlet,Region,Country,Context,Category,Date (YYYY),Date (MM),Date (DD),Provider,Plattform,Resolution,Representation,Viz
2026-08-28,"How Nepal’s Deadly Floods Wrecked Homes, Power Plants and Bridges",https://www.bloomberg.com/graphics/2026-nepal-flash-flood/?accessToken=eyJhbGciOiJIUzI1NiIsInR5cCI6IkpXVCJ9.eyJzb3VyY2UiOiJTdWJzY3JpYmVyR2lmdGVkQXJ0aWNsZSIsImlhdCI6MTc4NzkyMTc1NiwiZXhwIjoxNzg4NTI2NTU2LCJhcnRpY2xlSWQiOiJUS0hDMjJLR1pBSVQwMCIsImJjb25uZWN0SWQiOiJFQzUzMkU0NDM2OTc0ODRGOTJGOUY3MTdGQ0QzQUZBQiJ9.mzBjWXm2fGeWHm8vCmvNXmZyvHhZUCbu39ThnwW0J30,Bloomberg,Asia,Nepal,Glacier collapse,Disaster & Climate,"(men) 2024, (men) 2026, (add) 2026, (add) 2026","(men) Apr, (men) Aug, (add) Aug, (add) Aug","(men) 19, (men) 27, (mis) –, (mis) –","(men) Google Earth, (men) Vantor, (men) Planet Labs, (men) Planet Labs","(mis) –, (mis) –, (men) PlanetScope, (men) PlanetScope","<1m, <1m, 1m-10m, 1m-10m","Optical, Optical, Optical, Optical","True Color, True Color, True Color, True Color"
2026-08-17,See How Europe’s Rivers Are Drying Up and Threatening Its Economy,https://www.wsj.com/world/europe/see-how-europes-rivers-are-drying-up-and-threatening-its-economy-8447228a,WSJ,Europe,"Germany
Hungary
Romania",Drought,Disaster & Climate,"(men) 2025, (men) 2026, (men) 2025, (men) 2026, (men) 2025, (men) 2026, (uncl) 2025, (uncl) 2026","(men) Aug, (men) Aug, (men) Aug, (men) Aug, (men) Aug, (men) Aug, (men) May, (men) Jul","(men) 11, (men) 9, (men) 11, (men) 11, (men) 11, (men) 11, (men) 1, (men) 7","(men) ESA/Copernicus, (men) ESA/Copernicus, (men) ESA/Copernicus, (men) ESA/Copernicus, (men) ESA/Copernicus, (men) ESA/Copernicus, (men) Planet Labs, (men) Planet Labs","(men) Sentiel-2, (men) Sentiel-2, (men) Sentiel-2, (men) Sentiel-2, (men) Sentiel-2, (men) Sentiel-2, (add) PlanetScope, (add) PlanetScope","1m-10m, 1m-10m, 1m-10m, 1m-10m, 1m-10m, 1m-10m, 1m-10m, 1m-10m","Optical, Optical, Optical, Optical, Optical, Optical, Optical, Optical","NDWI, NDWI, NDWI, NDWI, NDWI, NDWI, True Color, True Color"
2026-07-16,Revealed: A catalogue of failures and the devastating aftermath of Iran school bombing,https://news.sky.com/story/revealed-a-catalogue-of-failures-and-the-devastating-aftermath-of-iran-school-bombing-13564022,Sky News,Asia,Iran,Iran War,Conflict & Security,"(mis) –, (mis) –, (men) 2015, (men) 2015, (men) 2018, (mis) –, (uncl) 2024","(mis) –, (men) Feb, (men) May, (men) Oct, (men) May, (mis) –, (uncl) Sep","(mis) –, (men) 25, (men) 8, (men) 31, (men) 18, (mis) –, (mis) –","(men) Planet Labs, (men) ESA/Copernicus, (men) Vantor, (men) Vantor, (men) Google, (men) Vantor, (mis) –","(add) SkySat, (men) Sentinel-2, (mis) –, (mis) –, (mis) –, (mis) –, (mis) –","<1m, 1m-10m, <1m, <1m, <1m, <1m, <1m","Optical, Optical, Optical, Optical, Optical, Optical, Optical","True Color, True Color, True Color, True Color, True Color, True Color, True Color"
2026-07-15,The US army veteran and the mystery Boeings flying Sudan’s war routes,https://www.reuters.com/investigations/us-contractor-mystery-boeings-operating-sudan-paramilitary-supply-routes-2026-07-15/,Reuters,Africa,Sudan,Sudan Civil War,Conflict & Security,"(men) 2025, (men) 2025, (men) 2025, (men) 2025, (men) 2025, (men) 2025, (men) 2025, (men) 2025, (men) 2025, (men) 2025, (men) 2024, (men) 2025, (men) 2025, (men) 2025, (men) 2026, (men) 2026","(men) May, (men) Apr, (men) Jun, (men) Jun, (men) Jun, (men) Jun, (men) Jun, (men) Jul, (men) Oct, (men) Oct, (men) Dec, (men) Jan, (men) Mar, (men) Sep, (men) Jan, (men) Jul","(men) 6, (men) 23, (men) 4, (men) 1, (men) 3, (men) 10, (men) 30, (men) 27, (men) 6, (men) 10, (men) 6, (men) 9, (men) 25, (men) 18, (men) 4, (men) 12","(men) Vantor, (men) Airbus, (men) Vantor, (men) Planet Labs, (men) Vantor, (men) Vantor, (men) Vantor, (men) Planet Labs, (men) Vantor, (men) Planet Labs, (men) Airbus, (men) Airbus, (men) Vantor, (men) Vantor, (men) Vantor, (men) Vantor","(mis) –, (men) Pléiades Neo, (mis) –, (add) SkySat, (mis) –, (mis) –, (mis) –, (add) SkySat, (men) –, (add) SkySat, (men) Pléiades Neo, (men) Pléiades Neo, (mis) –, (mis) –, (mis) –, (mis) –","<1, <1, <1, <1, <1, <1, <1, <1, <1, <1, <1, <1, <1, <1, <1, <1","Optical, Optical, Optical, Optical, Optical, Optical, Optical, Optical, Optical, Optical, Optical, Optical, Optical, Optical, Optical, Optical","True Color, True Color, True Color, True Color, True Color, True Color, True Color, True Color, True Color, True Color, True Color, True Color, True Color, True Color, True Color, True Color"
2026-07-14,Ukrainian drone strikes choke Russian shipping in the Sea of Azov,https://www.reuters.com/graphics/UKRAINE-CRISIS/RUSSIA-TANKER/zjpqgyxjgpx/,Reuters,Europe,Ukraine,Russo-Ukrainian war,Conflict & Security,"(men) 2026, (men) 2026","(men) Jun, (men) Jul","(men) 6, (men) 11","(men) ESA/Copernicus, (men) ESA/Copernicus","(men) Sentinel-2, (men) Sentinel-2","1m-10m, 1m-10m","Optical, Optical","True Color, True Color"
2026-07-10,A Tiny Island Near Singapore Has Become Asia’s Hub for Russian Oil,https://www.bloomberg.com/graphics/2026-indonesia-russia-oil-asia-hub/?accessToken=eyJhbGciOiJIUzI1NiIsInR5cCI6IkpXVCJ9.eyJzb3VyY2UiOiJTdWJzY3JpYmVyR2lmdGVkQXJ0aWNsZSIsImlhdCI6MTc4MzY0OTgyMCwiZXhwIjoxNzg0MjU0NjIwLCJhcnRpY2xlSWQiOiJUSFhKV0xLSVVQU00wMCIsImJjb25uZWN0SWQiOiI3NDE4MzY4QzA3QUE0RTI4OURGNEM0Rjc2MDk2OENDOSJ9.HWthWgyYAwTTufBbx24e4HvVC4I05S4tzK46yEqHA7s,Bloomberg,Asia,Indonesia,Russian Oil,Resources & Commodities,"(mis) –, (mis) –","(mis) –, (mis) –","(mis) –, (mis) –","(men) Google Earth, (mis) –","(mis) –, (mis) –","1m-10m, <1","Optical, Optical","True Color, True Color"
2026-06-03,Where Is Iran’s Highly Enriched Uranium?,https://www.nytimes.com/interactive/2026/06/03/world/middleeast/iran-nuclear-uranium.html,The New York Times,Asia,Iran,Nuclear program of Iran,Conflict & Security,"(men) 2026, (men) 2025, (men) 2025, (men) 2026, (men) 2026, (men) 2025, (men) 2026","(men) Apr, (men) Jun, (men) Jun, (men) Jan, (men) May, (men) Jun, (men) May","(men) 8, (men) 9, (men) 6, (men) 18, (men) 23, (men) 22, (men) 22","(men) Airbus, (men) Airbus, (men) Airbus, (men) Airbus, (men) Airbus, (men) Airbus, (men) Vantor","(mis) –, (mis) –, (mis) –, (mis) –, (mis) –, (mis) –, (mis) –","<1, <1, <1, <1, <1, <1, <1","Optical, Optical, Optical, Optical, Optical, Optical, Optical","True Color, True Color, True Color, True Color, True Color, True Color, True Color"
2026-05-04,Satellite imagery reveals how Sudan’s war scorched its ‘breadbasket’,https://www.aljazeera.com/economy/2026/5/4/satellite-imagery-reveals-how-sudans-war-scorched-its-breadbasket,Al Jazeera,Africa,Sudan,Sudan,Resources & Commodities,"(men) 2023, (men) 2024, (men) 2023, (men) 2025, (men) 2023, (men) 2024, (men) 2023, (men) 2024, (men) 2023, (men) 2025, (men) 1984, (men) 2025","(men) Dec, (men) Dec, (men) Jun, (men) Feb, (men) Dec, (men) Dec, (men) Dec, (men) Dec, (men) Mar, (men) May, (mis) –, (mis) –","(mis) –, (mis) –, (mis) –, (mis) –, (mis) –, (mis) –, (mis) –, (mis) –, (mis) –, (mis) –, (mis) –, (mis) –","(add) ESA, (add) ESA, (add) Planet Labs, (add) Planet Labs, (add) ESA, (add) ESA, (add) ESA, (add) ESA, (add) Planet Labs, (add) Planet Labs, (add) Google Earth, (add) Google Earth","(men) Sentinel-2, (men) Sentinel-2, (add) SkySat, (add) SkySat, (men) Sentinel-2, (men) Sentinel-2, (men) Sentinel-2, (men) Sentinel-2, (men) SkySat, (men) SkySat, (mis) –, (mis) –","1m-10m, 1m-10m, <1, <1, 1m-10m, 1m-10m, 1m-10m, 1m-10m, 1m-10m, 1m-10m, 1m-10m, 1m-10m","Optical, Optical, Optical, Optical, Optical, Optical, Optical, Optical, Optical, Optical, Optical, Optical","NDVI, NDVI, True Color, True Color, NDVI, NDVI, NDVI, NDVI, True Color, True Color, True Color, True Color"
2026-04-28,The lawless floating gas station where Iranian oil changes hands,https://edition.cnn.com/2026/04/27/asia/eopl-oil-iran-shadow-fleet-war-intl-hnk?iid=cnn_buildContentRecirc_end_recirc&recs_exp=up-next-article-end&tenant_id=related.en,CNN,Asia,Iran,Energy Supply,Resources & Commodities,"(men) 2026, (men) 2025, (men) 2026, (men) 2026","(men) APR, (men) AUG, (men) MAR, (men) APR","(men) 18, (mis) –, (men) 11, (men) 6","(men) ESA, (men) ESA, (men) Airbus, (men) Airbus","(add) Sentinel-1, (men) Sentinel-2, (mis) –, (mis) –","TBA, 1m-10m, <1m, <1m","Radar, Optical, Optical, Optical","Greyscale, True Color, True Color, True Color"
2026-04-19,Satellite images reveal Israel expanding Gaza military sites,https://www.aljazeera.com/news/2026/4/19/satellite-images-reveal-israel-expanding-gaza-military-sites,Al Jazeera,Asia,Gaza Strip,Gaza War,Conflict & Security,"(men) 2026, (men) 2026, (men) 2026, (men) 2026","(uncl) –, (uncl) –, (uncl) –, (uncl) –","(uncl) –, (uncl) –, (uncl) –, (uncl) –","(men) Planet Labs, (men) Planet Labs, (men) Planet Labs, (add) ESA","(add) SkySat, (add) SkySat, (add) SkySat, (add) Sentinel-2","<1m, <1m, <1m, 1m-10m","Optical, Optical, Optical, Optical","True Color, True Color, True Color, True Color"
2026-04-09,"Iran’s Schools and Hospitals in Ruins, Times Analysis Shows",https://www.nytimes.com/interactive/2026/04/09/world/middleeast/us-israel-strikes-iran-structures-damage.html?unlocked_article_code=1.Z1A.8mK5.iT3oEPCQsUiF&smid=url-share,The New York Times,Asia,Iran,Iran war,Conflict & Security,"(add) 2026, (add) 2026","(mis) –, (mis) –","(mis) –, (mis) –","(men) Airbus, (men) Airbus","(mis) –, (mis) –","<1m, <1m","Optical, Optical","True Color, True Color"
2026-03-29,"New U.S. Missile Hit Iranian Sports Hall and School, Analysis Shows",https://www.nytimes.com/2026/03/29/world/middleeast/us-precision-strike-missile-iran-lamerd.html,The New York Times,Asia,Iran,Iran war,Conflict & Security,(men) 2026,(men) MAR,(men) 9,(men) Airbus,(mis) –,<1m,Optical,True Color
2026-03-26,Welcome to ‘New Russia’: How the Kremlin is remaking occupied Ukraine,https://www.reuters.com/investigations/welcome-new-russia-how-kremlin-is-remaking-occupied-ukraine-2026-03-26/,Reuters,Europe,Ukraine,Russo-Ukrainian war,Conflict & Security,"(men) 2021, (men) 2025, (mis) –, (mis) –, (men) 2023, (men) 2023, (men) 2023, (men) 2024, (men) 2024, (men) 2025, (men) 2025, (men) 2024, (men) 2025","(men) Oct, (men) Aug, (mis) –, (mis) –, (men) Aug, (men) Sep, (men) Oct, (men) Feb, (men) Nov, (men) Apr, (men) Nov, (men) Jun, (men) Sep","(men) 12, (men) 31, (mis) –, (mis) –, (men) 4, (men) 7, (men) 29, (men) 28, (men) 17, (men) 14, (men) 3, (men) 12, (men) 6","(men) Planet Labs, (men) Planet Labs, (mis) –, (mis) –, (men) Planet Labs, (men) Planet Labs, (men) Planet Labs, (men) Planet Labs, (men) Planet Labs, (men) Planet Labs, (men) Planet Labs, (men) Vantor, (men) Vantor","(add) SkySat, (add) SkySat, (mis) –, (mis) –, (add) PlanetScope, (add) PlanetScope, (add) PlanetScope, (add) PlanetScope, (add) PlanetScope, (add) PlanetScope, (add) PlanetScope, (mis) –, (mis) –","<1m, <1m, 1m-10m, 1m-10m, 1m-10m, 1m-10m, 1m-10m, 1m-10m, 1m-10m, 1m-10m, 1m-10m, <1m, <1m","Optical, Optical, Optical, Optical, Optical, Optical, Optical, Optical, Optical, Optical, Optical, Optical, Optical","True Color, True Color, True Color, True Color, True Color, True Color, True Color, True Color, True Color, True Color, True Color, True Color, Greyscale"
2026-03-20,"In the Strait of Hormuz, Iran unleashes a plot against the West years in the making",https://www.abc.net.au/news/2026-03-21/the-battle-over-the-strait-of-hormuz-iran-war-tactics/106467826,ABC News Australia,Asia,Iran,Iran war,Conflict & Security,"(men) 2026, (men) 2026, (men) 2026","(mis),(mis),(mis)","(mis),(mis),(mis)","(add) ESA, (men) NASA, (add) ESA","(men) Sentinel-2, (men) MODIS/Terra, (men) Sentinel-2","1m-10m, 250m, 1m-10m","Optical, Optical, Optical","True Color, True Color, True Color"
2026-03-12,Bombed Iranian girls school had vivid website and yearslong online presence,https://www.reuters.com/investigations/bombed-iranian-girls-school-had-vivid-website-yearslong-online-presence-2026-03-12/,Reuters,Asia,Iran,Iran war,Conflict & Security,"(men) 2026, (men) 2015, (men) 2025","(men),(men),(men) Mar,Nov,Dec,","(men) 4, (men) 26, (men) 1","(men) Planet Labs, (men) Airbus, (men) Vantor","(add) SkySat, (mis) –, (mis) –","<1m, <1m, <1m","Optical, Optical, Optical","True Color, True Color, True Color"
2026-03-07,The bombing of Tehran — in maps and satellite images,https://www.ft.com/content/59cfcbfb-34e2-4d26-b687-5d768dcc5650?syn-25a6b1a6=1,Financial Times,Asia,Iran,Iran war,Conflict & Security,"(men) 2026, (men) 2026, (men) 2026, (men) 2026","(men) MAR, (men) MAR, (men) MAR, (men) MAR","(men) 3, (men) 3, (men) 3, (men) 4","(men) Vantor, (men) Vantor, (men) Vantor, (men) Planet Labs","(mis) –, (mis) –, (mis) –, (add) SkySat","<1m, <1m, <1m, <1m","Optical, Optical, Optical, Optical","True Color, True Color, True Color, True Color"
2026-03-07,Analysis Suggests School Was Hit Amid U.S. Strikes on Iranian Naval Base,https://www.nytimes.com/2026/03/05/world/middleeast/iran-school-us-strikes-naval-base.html,The New York Times,Asia,Iran,Iran war,Conflict & Security,"(men) 2013, (men) 2016, (men) 2018, (men) 2024, (men) 2026",TBA,TBA,"(men) Google Earth, (men) Google Earth, (men) Google Earth, (men) Planet Labs, (men) Planet Labs","(add),(add),(add),(add),(add) TBA,TBA,TBA,SkySat,SkySat,","<1m, <1m, <1m, <1m, <1m","Optical, Optical, Optical, Optical, Optical",TBA
2026-03-06,Satellite image shows direct strikes on military buildings next to Iranian school where children were killed,https://www.abc.net.au/news/2026-03-07/verify-satellite-imagery-direct-strikes-around-minab-school/106419210,ABC News Australia,Asia,Iran,Iran war,Conflict & Security,"(men),(men),(men) 2026,2013,2016,","(men) MAR, (men) OCT, (men) SEP","(men) 4, (mis) –, (mis) –","(men),(men),(men) Planet Labs,Google Earth,Google Earth,","(men),(mis),(mis) SkySat,–,–,","<1m, <1m, <1m","Optical, Optical, Optical","True Color, True Color, True Color"
2026-03-05,"Acht Einschläge, eine getroffene Schule",https://www.zeit.de/politik/ausland/2026-03/iran-angriff-maedchenschule-satellitenbilder-videos-fotos,Die Zeit,Asia,Iran,Iran war,Conflict & Security,"(men) 2025, (add) 2026",TBA,TBA,"Planet Labs,Planet Labs","SkySat,SkySat","<1m, <1m","Optical, Optical",TBA
2026-03-05,"Iran school and nearby military base struck multiple times, satellite image reveals",https://www.bbc.com/news/articles/c5yqqyly9n0o,BBC,Asia,Iran,Iran war,Conflict & Security,"(men) 2026, (men) 2013, (men) 2016, (men) 2022","(men) MAR, (mis) –, (mis) –, (mis) –","(men) 4, (mis) –, (mis) –, (mis) –","(men) Planet Labs, (men) Google Earth, (men) Google Earth, (men) Google Earth","(add) SkySat, (mis) –, (mis) –, (mis) –","<1m, <1m, <1m, <1m","Optical, Optical, Optical, Optical","True Color, True Color, True Color, True Color"
2026-03-03,Wer den längeren Atem hat,https://www.sueddeutsche.de/projekte/artikel/politik/iran-krieg-verteidigung-raketenprogramm-bomben-regime-e949606/,Süddeutsche Zeitung,Asia,Iran,Iran war,Conflict & Security,"(mis) –, (mis) –, (mis) –, (mis) –, (mis) –, (mis) –, (mis) –, (mis) –, (mis) –","(mis) –, (mis) –, (mis) –, (mis) –, (mis) –, (mis) –, (mis) –, (mis) –, (mis) –","(mis) –, (mis) –, (mis) –, (mis) –, (mis) –, (mis) –, (mis) –, (mis) –, (mis) –","(men) Vantor, (men) Vantor, (men) Vantor, (men) Vantor, (men) Planet Labs, (men) Planet Labs, (men) Vantor, (men) Vantor, (men) Planet Labs","(mis) –, (mis) –, (mis) –, (mis) –, (mis) –, (mis) –, (mis) –, (mis) –, (mis) –","<1m, <1m, <1m, <1m, <1m, <1m, <1m, <1m, <1m","Optical, Optical, Optical, Optical, Optical, Optical, Optical, Optical, Optical","True Color, True Color, True Color, True Color, True Color, True Color, True Color, True Color, True Color"
2026-03-02,"Satellite images from Iran show destroyed buildings, impact craters, submerged ships",https://www.abc.net.au/news/2026-03-02/satellite-images-from-iran-show-destroyed-buildings-craters-ship/106404608,ABC News Australia,Asia,Iran,Iran war,Conflict & Security,"(add) 2026, (add) 2026, (add) 2026, (add) 2026, (add) 2026, (add) 2026, (add) 2026, (mis) –, (add) 2026","(men) Feb, (men) Mar, (mis) –, (mis) –, (mis) –, (men) Mar, (mis) –, (mis) –, (mis) –","(men) 23, (men) 1, (mis) –, (mis) –, (mis) –, (men) 1, (mis) –, (mis) –, (mis) –","(add),(men),(men),(men),(men),(men),(men),(men),(men) Planet Labs,Planet Labs,Vantor,Vantor,Vantor,Planet Labs,Vanntor,Google Earth,Airbus,","(add) SkySat, (men) SkySat, (mis) –, (mis) –, (mis) –, (add) PlanetScope, (mis) –, (mis) –, (mis) –","<1m, <1m, <1m, <1m, <1m, 1m-10m, <1m, <1m, <1m","Optical, Optical, Optical, Optical, Optical, Optical, Optical, Optical, Optical","True Color, True Color, True Color, True Color, True Color, True Color, True Color, True Color, True Color"
2026-03-02,Satellite Images Show Burning Iranian Naval Ships,https://www.nytimes.com/2026/03/02/world/middleeast/satellite-images-iran-navy.html,The New York Times,Asia,Iran,Iran war,Conflict & Security,"(men) 2026, (men) 2026",TBA,TBA,"(add),(men) Planet Labs,Airbus,","(add) SkySat, (men) TBA","<1m, <1m","Optical, Optical",TBA
2026-02-25,Das Geheimnis von Pickaxe Mountain,https://www.sueddeutsche.de/projekte/artikel/politik/iran-atomanlagen-fordo-natans-e053495/?reduced=true,Süddeutsche Zeitung,Asia,Iran,Iran war,Conflict & Security,TBA,TBA,TBA,TBA,TBA,TBA,TBA,TBA
2026-02-06,"Iran Is at Work on Missile and Nuclear Sites, Satellite Images Show",https://www.nytimes.com/2026/02/06/world/middleeast/iran-missile-nuclear-repairs.html,The New York Times,Asia,Iran,Iran war,Conflict & Security,"(men) 2025, (men) 2025, (men) 2025, (men) 2025, (men) 2026, (add) 2026, (add) 2026, (add) 2026, (add) 2026, (men) 2026, (men) 2026","(men) Jun, (men) Jun, (men) Nov, (men) Jun, (men) Jan, (men) Dec, (men) Dec, (men) Jun, (men) Dec, (men) Jan, (men) Feb","(men) 4, (men) 29, (men) 11, (men) 19, (men) 16, (men) 3, (men) 24, (men) 21, (men) 31, (men) 24, (men) 1","(men) Planet Labs, (men) Planet Labs, (men) Planet Labs, (men) Planet Labs, (men) Planet Labs, (men) Planet Labs, (men) Planet Labs, (men) Planet Labs, (men) Planet Labs, (men) Planet Labs, (men) Planet Labs","(add) SkySat, (add) SkySat, (add) SkySat, (add) SkySat, (add) SkySat, (add) SkySat, (add) SkySat, (add) SkySat, (add) SkySat, (add) SkySat, (add) SkySat","<1m, <1m, <1m, <1m, <1m, <1m, <1m, <1m, <1m, <1m, <1m","Optical, Optical, Optical, Optical, Optical, Optical, Optical, Optical, Optical, Optical, Optical","True Color, True Color, True Color, True Color, True Color, True Color, True Color, True Color, True Color, True Color, True Color"
2026-02-05,Satellite images reveal build-up of US fighter jets and missile defences ahead of US-Iran nuclear talks,https://www.abc.net.au/news/2026-02-06/us-military-escalation-iran-middle-east-nuclear-talks-satellite/106309628,ABC News Australia,Asia,Iran,Iran war,Conflict & Security,"(men) 2026, (men) 2026, (men) 2026, (men) 2026, (men) 2026","(men) Jan, (men) Jan, (men) Feb, (men) Jan, (men) Feb","(men) 25, (men) 30, (men) 2, (men) 17, (men) 2","(men) Planet Labs, (men) Planet Labs, (men) Planet Labs, (men) Planet Labs, (men) Planet Labs","(add),(add),(add),(add),(add) SkySat,SkySat,SkySat,SkySat,SkySat,","<1m, <1m, <1m, <1m, <1m","Optical, Optical, Optical, Optical, Optical","True Color, True Color, True Color, True Color, True Color"
2026-01-16,Thousands of Chinese Fishing Boats Quietly Form Vast Sea Barriers,https://www.nytimes.com/interactive/2026/01/16/world/asia/china-ships-fishing-militia-blockade.html,The New York Times,Asia,East China Sea,South China Sea Territorial Disputes,Conflict & Security,(add) 2026,(men) Jan,(men) 11,(men) Planet Labs,(add) PlanetScope,1m-10m,Optical,True Color
2026-01-15,Hundreds of satellite images capture Victoria’s destructive bushfires erupting,https://www.abc.net.au/news/2026-01-16/victoria-bushfires-weather-satellite-capture-images-of-blazes/106225070,ABC News Australia,Oceania,Australia,Wildfire,Disaster & Climate,"(add),(add),(men) 2026,2026","(men) Jan, (men) Jan","(men) 9, (men) 14","(add) ESA, (add) ESA, (men) JMA","(men) Sentinel-2, (men) Sentinel-2, (men) Himawari-8","1m-10m, 1m-10m, >500m","Optical, Optical","Composite, Composite"
2026-01-13,"Before and after: Green returns to Altadena, Pacific Palisades a year after fires",https://www.latimes.com/california/story/2026-01-13/before-after-photos-satellite-images-altadena-pacific-palisades-turning-green,Los Angeles Times,North America,USA,Palisades Fire,Disaster & Climate,TBA,TBA,TBA,TBA,TBA,TBA,TBA,TBA
2026-01-05,Sanctioned Oil Tankers Flee Venezuela in Defiance of U.S. Blockade,https://www.nytimes.com/2026/01/05/world/americas/oil-tankers-venezuela-blockade.html,The New York Times,South America,Venezuela,U.S.–Venezuela tensions,Resources & Commodities,(add) 2026,(add) Jan,(add) 3,(men) ESA,(add) Sentinel-2,1m-10m,Optical,True Color
2025-12-16,Satellite images show Russia fortified a port against Ukrainian drone boats. One broke through underwater and exploded.,https://www.businessinsider.com/images-show-russia-fortified-port-before-ukrainian-drone-attacked-submarine-2025-12,Business Insider,Europe,Russia,Russo-Ukrainian war,Conflict & Security,"(men) 2025, (men) 2025, (men) 2025, (men) 2025","(men) Dec, (men) Dec, (men) Dec, (men) Dec","(men) 11, (men) 11, (men) 16, (men) 16","(men) Vantor, (men) Vantor, (men) Vantor, (men) Vantor","(mis) –, (mis) –, (mis) –, (mis) –","<1m, <1m, <1m, <1m","Optical, Optical, Optical, Optical","True Color, True Color, True Color, True Color"
2025-12-16,Bodies in the Canal,https://edition.cnn.com/interactive/2025/12/africa/sudan-army-saf-ethnic-killings-canals-intl-invs-vis/,CNN,Africa,Sudan,Sudanese civil war,Humanitarian Impact,"(men) 2025, (men) 2025, (men) 2025, (men) 2025","(men) Apr, (men) May, (men) Jan, (men) Jan","(men) 29, (men) 30, (men) 3, (men) 20","(men) Vantor, (men) Vantor, (men) Vantor, (men) Vantor","(mis) –, (mis) –, (mis) –, (mis) –","<1m, <1m, <1m, <1m","Optical, Optical, Optical, Optical","True Color, True Color, True Color, True Color"
2025-12-12,Trump wants Bagram back. Satellite images show how the Taliban are using it.,https://www.washingtonpost.com/world/interactive/2025/bagram-air-base-afghanistan-trump/,Washington Post,Asia,Afghanistan,U.S. Afghanistan withdrawal,Conflict & Security,TBA,TBA,TBA,TBA,TBA,TBA,TBA,TBA
2025-12-10,"Oil Tanker U.S. Seized Has Faked Its Location Before, Data Shows",https://www.nytimes.com/2025/12/10/us/politics/oil-tanker-venezuela-tracking-data.html,The New York Times,South America,Venezuela,Oil trade,Resources & Commodities,"(add) 2025, (add) 2025","(men) Nov, (men) Nov","(men) 27, (men) 18","(men) Airbus, (men) Planet Labs","(mis) –, (mis) SkySat","<1m, <1m","Optical, Optical","True Color, True Color"
2025-12-05,"RSF massacres left Sudanese city ‘a slaughterhouse’, satellite images show",https://www.theguardian.com/global-development/2025/dec/05/rsf-massacres-sudanese-city-el-fasher-slaughterhouse-satellite-images,Guardian,Africa,Sudan,Sudanese civil war,Humanitarian Impact,"(men) 2023, (men) 2025, (men) 2025, (men) 2025","(men) Nov, (men) Nov, (men) Aug, (men) Nov","(men) 8, (men) 17, (mis) –, (men) 17","(men) Vantor, (men) Vantor, (uncl) Vantor, (uncl) Vantor","(mis) –, (mis) –, (mis) –, (mis) –","<1m, <1m, <1m, <1m","Optical, Optical, Optical, Optical","True Color, True Color, True Color, True Color"
2025-11-11,Satellite imagery matched to Sudan's El-Fasher shows the brutality of a massacre,https://www.abc.net.au/news/2025-11-11/satellite-imagery-of-el-fasher-sudan-massacre-verify/105992360,ABC News Australia,Africa,Sudan,Sudanese civil war,Humanitarian Impact,"(add) 2025, (add) 2025, (add) 2025, (add) 2025","(men) Oct, (men) Oct, (men) Oct, (men) Oct","(men) 27, (men) 28, (men) 28, (men) 31","(men) Vantor, (men) Airbus, (men) Airbus, (men) Vantor","(mis) –, (mis) –, (mis) –, (mis) –","<1m, <1m, <1m, <1m","Optical, Optical, Optical, Optical","True Color, True Color, True Color, True Color"
2025-11-02,Tracking Post-Tropical Cyclone Melissa,https://www.nytimes.com/interactive/2025/10/21/weather/melissa-map-path-tracker.html?unlocked_article_code=1.xE8.rz-v.Rsf70z-F2bt4&smid=nytcore-ios-share&referringSource=articleShare,The New York Times,North America,Jamaica,Hurricane Melissa,Disaster & Climate,2026,TBA,TBA,NOAA,GEOS-19,1km-10km,Weather,Weather
2025-10-17,Assad-era conspiracy to hide thousands of dead turned Syria’s remote desert into a mass grave,https://www.reuters.com/investigates/special-report/syria-security-mass-graves/,Reuters,Asia,Syria,Syrian civil war,Humanitarian Impact,"2019,2021,2021",TBA,TBA,"Vantor,Vantor,Vantor","WorldView-1,WorldView-2,WorldView-3,","<1m, <1m, <1m",TBA,TBA
2025-10-10,"With a Ceasefire Struck, Gazans Ask ‘Who Will Be in Charge’",https://www.bloomberg.com/graphics/2025-gaza-israel-ceasefire-peace-deal/?accessToken=eyJhbGciOiJIUzI1NiIsInR5cCI6IkpXVCJ9.eyJzb3VyY2UiOiJTdWJzY3JpYmVyR2lmdGVkQXJ0aWNsZSIsImlhdCI6MTc2MDEwODA3OSwiZXhwIjoxNzYwNzEyODc5LCJhcnRpY2xlSWQiOiJUM1ZYNDhHUEw0SDQwMCIsImJjb25uZWN0SWQiOiI0QUYyNjAxMzJDNzY0N0NFODgwMkU1REQ1OTNFMERGNyJ9.uya9K24TYzE_i1d-JnuvkGsppejb4rFQF-1HLOZSl1U,Bloomberg,Asia,Gaza Strip,Gaza War,Humanitarian Impact,"2025,2025",TBA,TBA,"ESA,Planet Labs","Sentinel-1,SkySat","1m-10m, <1m",TBA,TBA
2025-09-16,Satellite Images Show Israeli Military Buildup Around Gaza City,https://www.nytimes.com/2025/09/16/world/middleeast/gaza-satellite-images-israel-war.html,The New York Times,Asia,Gaza Strip,Gaza War,Conflict & Security,"(add) 2025, (add) 2025, (add) 2025, (add) 2025","(men) Sep, (men) Sep, (men) Sep, (men) Sep","(men) 15, (men) 16, (men) 9, (men) 15","(men) Planet Labs, (men) Planet Labs, (men) Planet Labs, (men) Planet Labs","(men) PlanetScope, (men) SkySat, (men) SkySat, (men) SkySat","1m-10m, <1m, <1m, <1m","Optical, Optical, Optical, Optical","True Color, True Color, True Color, True Color"
2025-08-20,"North Korea Has a Secret Long-Range Missile Base Near Chinese Border, Report Says",https://www.wsj.com/world/asia/north-korea-has-a-secret-long-range-missile-base-near-chinese-border-report-says-6b69d8c0,Wall Street Journal,Asia,North Korea,Korean Peninsula tensions,Conflict & Security,"(men) 2025, (men) 2025, (men) 2022","(men) Jul, (men) Feb, (men) May","(men) 11, (men) 20, (men) 31","(men) Planet Labs, (men) Vantor, (men) Planet Labs","(men) PlanetScope, (mis) –, (men) SkySat","1m-10m, <1m, <1m","Optical, Optical, Optical","True Color, True Color, True Color"
2025-08-04,"Russian Nuclear Submarine Base Was Damaged in Quake, Satellite Images Show",https://www.nytimes.com/2025/08/04/world/europe/russia-earthquake-nuclear-submarine-damage.html,The New York Times,Asia,Russia,Russo-Ukrainian war,Conflict & Security,"(add),(add), 2025,2025","(men) Aug, (men) Jul","(men) 3, (men) 13","Planet Labs,Planet Labs","SkySat,SkySat","<1m, <1m","Optical, Optical","True Color, True Color"
2025-07-28,Satellite images show how receiving aid in Gaza became so deadly,https://www.economist.com/interactive/graphic-detail/2025/07/28/satellite-images-show-how-receiving-aid-in-gaza-became-so-deadly,The Economist,Asia,Gaza Strip,Gaza War,Humanitarian Impact,2025,TBA,TBA,Planet Labs,SkySat,<1m,Optical,TBA
2025-07-10,Trump greift nach Bodenschätzen in Kongo,https://www.sueddeutsche.de/projekte/artikel/politik/trump-kongo-coltan-minen-rubaya-e079635/?reduced=true,Süddeutsche Zeitung,Africa,Congo,TBA,Resources & Commodities,TBA,TBA,TBA,TBA,TBA,TBA,TBA,TBA
2025-05-04,Satellite images reveal Huawei’s advanced chip production line in China,https://www.ft.com/content/afd618f8-12c9-4297-b2a9-49f7dc548da4,Financial Times,Asia,China,U.S.–China tech rivalry,Humanitarian Impact,"2021,2022,2023,2025",TBA,TBA,Planet Labs,PlanetScope,1-5m,Optical,Land
2025-04-27,Area burned by UK wildfires in 2025 already at annual record,https://www.bbc.com/news/articles/c0m9gm3jwljo,BBC,Europe,UK,UK wildfires (2025),Disaster & Climate,2025,TBA,TBA,Planet Labs,PlanetScope,1-5m,Optical,Land
2025-03-10,Why Argentina’s military is deploying to surveil hundreds of Chinese fishing boats off its coast,https://edition.cnn.com/2025/03/10/americas/argentine-military-hunts-chinese-fishing-vessels,CNN,South America,Argentina,South Atlantic fisheries dispute,Conflict & Security,"2025,2025",TBA,TBA,"Planet Labs,NASA/NOAA","SkySat,Terra/Aqua","<1m, 250m–1km","Optical, Multispectral",Ocean
2025-03-05,‘The tanks are everywhere’: Life on Syria’s new front line with Israel,https://www.ft.com/content/ad09b87d-9040-452c-8c6a-6ac507f8f9b4,Financial Times,Asia,Syria,Golan Heights,Conflict & Security,"2025,2025",TBA,TBA,"Planet Labs,Planet Labs","PlanetScope,SkySat","1-5m, <1m",Optical,Land
2025-02-26,Satellite images show how hundreds of North Korean troops were likely transported to a secluded Russian port,https://edition.cnn.com/2025/02/26/asia/ukraine-war-north-korean-troops-russian-ships-hnk-intl/index.html,CNN,Asia,Russia,Russo-Ukrainian war,Conflict & Security,"2023,2024",TBA,TBA,"Planet Labs,Planet Labs","SkySat,SkySat","<1m, <1m",Optical,Land
2025-02-06,Satellite images show Guantanamo Bay changes as Trump ramps up deportation plans,https://news.sky.com/story/guantanamo-bay-rapidly-readied-in-response-to-trump-deportation-plans-13304271,Sky News,North America,Cuba,Guantanamo Bay,Humanitarian Impact,"2023,2025",TBA,TBA,"Planet Labs,Planet Labs","SkySat,SkySat","<1m, <1m",Optical,Land
2024-12-17,Mayotte before and after: satellite images show destruction by Cyclone Chido,https://www.theguardian.com/world/2024/dec/17/mayotte-islands-cyclone-chido-before-and-after-satellite-images-pictures-french-territory,The Guardian,Africa,Mayotte,Cyclone Chido,Disaster & Climate,2024,TBA,TBA,Vantor,WorldView,<1m,Optical,Land
2024-12-14,Satellitenbilder sollen Rückzug russischer Truppen aus Syrien zeigen,https://www.zeit.de/politik/2024-12/syrien-russland-rueckzug-truppen-satellitenbilder,Die Zeit,Asia,Syria,Syrian civil war,Conflict & Security,2024,TBA,TBA,Vantor,WorldView,<1m,Optical,Land
2024-11-18,What satellite images tell us about North Gaza as report accuses Israel of 'ethnic cleansing',https://news.sky.com/story/what-satellite-images-tell-us-about-north-gaza-as-report-accuses-israel-of-ethnic-cleansing-13253674,Sky News,Asia,Gaza Strip,Gaza War,Humanitarian Impact,"2024,2024",TBA,TBA,"Planet Labs,Planet Labs","PlanetScope,SkySat","1-5m, <1m",Optical,Land
2024-11-01,So sehen Spaniens Überschwemmungsgebiete aus dem All aus,https://www.spiegel.de/ausland/spanien-so-sehen-die-ueberschwemmungsgebiete-aus-dem-all-aus-satellitenbilder-a-3ceeb0a0-3474-404f-8d71-a90464a29ce2,Der Spiegel,Europe,Spain,2024 Spanish floods,Disaster & Climate,2024,TBA,TBA,"NASA/USGS,NASA/USGS,Vantor","Landsat 8,Landsat 9,WorldView-1","5-30m, 5-30m, <1m",Optical,Land
2024-10-29,What satellite images reveal about Israel's strikes on Iran,https://www.bbc.com/news/articles/cy7dkgz71x6o,BBC,Asia,Iran,Iran–Israel proxy conflict,Conflict & Security,"2024,2023,2000",TBA,TBA,"ESA,Planet Labs,Planet Labs","Sentinel-2,PlanetScope,SkySat","5-30m, 1-5m, <1m",Optical,Land
2024-10-08,"Vertrieben, getötet, ohne ausreichende Hilfe",https://www.zeit.de/politik/ausland/2024-10/gaza-krieg-zerstoerung-7-oktober-israel-satellitenbilder,Die Zeit,Asia,Gaza Strip,Gaza War,Humanitarian Impact,TBA,TBA,TBA,TBA,TBA,TBA,TBA,TBA
2024-09-25,How a U.S. Ally Uses Aid as a Cover in War,https://www.nytimes.com/2024/09/21/world/africa/uae-sudan-civil-war.html,The New York Times,Africa,Sudan,Sudanese civil war,Conflict & Security,"2023,2024,2023,2024",TBA,TBA,"Airbus,Airbus,Blacksky,Planet Labs","Pleiades Neo,Pleiades Neo,None,PlanetScope","<1m, <1m, 1m-10m, 1m-10m",TBA,TBA
2024-08-09,Vietnam accelerates island building to challenge China’s maritime claims,https://www.washingtonpost.com/world/interactive/2024/vietnam-south-china-sea-islands-growth/?itid=hp-more-top-stories_p004_f001,Washington Post,Asia,Vietnam,South China Sea Territorial Disputes,Territory & Land Transformation,"2020,2021,2022,2023,2024,2019,2021,2024",TBA,TBA,"ESA,ESA,ESA,ESA,ESA,Vantor,Vantor,Vantor","Sentinel-2,Sentinel-2,Sentinel-2,Sentinel-2,Sentinel-2,WorldView,WorldView,WorldView",">10m, >10m, >10m, >10m, >10m, <1m, <1m, <1m","Optical, Optical, Optical, Optical, Optical, Optical, Optical, Optical",TBA
2024-07-03,Destruction on Carriacou and Petite Martinique Islands Captured in Satellite Images,https://www.nytimes.com/2024/07/03/weather/beryl-carriacou-petite-martinique-images.html?searchResultPosition=2,The New York Times,South America,Grenada,Hurricane Beryl,Disaster & Climate,"2023,2024,",TBA,TBA,"Vantor,Vantor",TBA,TBA,TBA,TBA
2024-06-20,Sudan's cemeteries swell with fresh graves as hunger and disease spread,https://www.reuters.com/investigates/special-report/sudan-politics-hunger-graves/,Reuters,Africa,Sudan,Sudanese civil war,Humanitarian Impact,"2023,2024,2023,2024",TBA,TBA,"Airbus,Airbus,Planet Labs,Planet Labs","TBA,TBA,SkySat,SkySat","<1m, <1m, <1m, <1m","Optical, Optical, Optical, Optical",TBA
2024-05-16,Satellite Images Show Widening Destruction Amid Israeli Push Toward Central Rafah,https://www.nytimes.com/2024/05/16/world/middleeast/rafah-israel-offensive-images.html,The New York Times,Asia,Gaza Strip,Gaza Conflict,Conflict & Security,2024,TBA,TBA,Planet Labs,SkySat,"<1m, <1m",TBA,TBA
2024-05-10,Satellite Images Reveal Where Russian Nuclear Weapons Could Be Stored in Belarus,https://www.nytimes.com/2024/05/10/world/europe/russia-nuclear-weapons-belarus.html,The New York Times,Europe,Russia,Military Buildup,Conflict & Security,"1984,2021,2024",TBA,TBA,"USGS,Vantor,Vantor","TBA,TBA,TBA,",TBA,TBA,TBA
2024-05-08,A Satellite View of Israel’s New Front in Gaza,https://www.nytimes.com/interactive/2024/05/08/world/middleeast/israel-incursion-rafah-satellite-image-map.html,The New York Times,Asia,Gaza Strip,Gaza Conflict,Conflict & Security,2024,TBA,TBA,Planet Labs,SkySat,<1m,TBA,TBA
2024-05-03,Israel’s offensive is destroying Gaza’s ability to grow its own food,https://www.washingtonpost.com/investigations/interactive/2024/gaza-israel-agriculture-food-fisheries/,Washington Post,Asia,Gaza Strip,Gaza Conflict,Humanitarian Impact,"2023,2024,",TBA,TBA,"Planet Labs,Planet Labs","SkySat,SkySat","<1m, <1m",TBA,TBA
2024-04-08,See the Total Solar Eclipse’s Shadow From Space,https://www.nytimes.com/interactive/2024/04/08/science/eclipse-satellite.html,The New York Times,Global,TBA,TBA,Disaster & Climate,2024,TBA,TBA,NASA/NOAA,GOES-16,TBA,TBA,TBA
2023-12-16,Satellites Capture China’s Militia Ships Parked in US Ally’s Territory,https://www.newsweek.com/china-philippines-satellite-maritime-militia-second-thomas-shoal-south-china-sea-1852708,Newsweek,Asia,South China Sea,South China Sea Territorial Disputes,Conflict & Security,2023,TBA,TBA,Planet Labs,PlanetScope,1m-10m,TBA,TBA
2023-12-12,Gaza After Nine Weeks of War,https://www.nytimes.com/interactive/2023/12/12/world/middleeast/gaza-strip-satellite-images-israel-invasion.html,The New York Times,Asia,Gaza Strip,Gaza War,Conflict & Security,2023,TBA,TBA,Planet Labs,SkySat,<1m,TBA,TBA
2023-11-22,The Secret Locations Of Bhutan's Royal Bitcoin Mines,https://www.forbes.com/sites/iainmartin/2023/11/22/bhutan-secret-bitcoin-mine-locations/,Forbes,Asia,Bhutan,Bitcoin Mining,Infrastructure,2023,TBA,TBA,Planet Labs,SkySat,<1m,TBA,TBA
2023-11-14,Satellite images show Israeli tanks 600 feet from Al-Shifa Hospital,https://www.nytimes.com/2023/11/14/world/middleeast/satellite-images-show-israeli-tanks-600-feet-from-al-shifa-hospital.html?searchResultPosition=6,The New York Times,Asia,Gaza Strip,Gaza War,Conflict & Security,2023,TBA,TBA,Planet Labs,SkySat,<1m,TBA,TBA
2023-10-30,A Detailed Satellite View of Israel’s Invasion,https://www.nytimes.com/interactive/2023/10/30/world/middleeast/israel-invasion-gaza-satellite-image-map.html,The New York Times,Asia,Gaza Strip,Gaza War,Conflict & Security,2023,TBA,TBA,Planet Labs,SkySat,<1m,TBA,TBA
2023-08-10,Satellite Images Show the Scale of Destruction on Maui,https://www.nytimes.com/2023/08/10/us/satellite-images-maui-hawaii-wildfires.html?searchResultPosition=1,The New York Times,North America,USA,Maui Wildfires,Disaster & Climate,2023,TBA,TBA,Planet Labs,SkySat,<1m,TBA,TBA
2023-07-07,Satellite imagery shows evidence of new graves after Tigray massacres,https://www.washingtonpost.com/world/2023/07/07/ethiopia-massacre-graves/,Washington Post,Africa,Ethiopia,Tigray War,Humanitarian Impact,"2023,2022,2022",TBA,TBA,"Planet Labs,Planet Labs,Planet Labs","PlanetScope,SkySat,SkySat","1m-10m, <1m, <1m",TBA,TBA
,,,,,,,,,,,,,,,
2023-03-09,Satellite images show widespread destruction after heavy fighting in Bakhmut,https://www.nytimes.com/2023/03/09/world/europe/satellite-images-show-widespread-destruction-after-heavy-fighting-in-bakhmut.html,The New York Times,Europe,Ukraine,Russo-Ukrainian war,Conflict & Security,2023,TBA,TBA,Vantor,TBA,<1m,TBA,TBA
2023-03-02,Satellite Images Reveal How Russia's Invasion Has Devastated The Environment In Ukraine,https://www.rferl.org/a/ukraine-satellite-photos-environmental-damage-russia-invasion/32300056.html,Radio Free Europe/Radio Liberty,Europe,Ukraine,Russo-Ukrainian war,Conflict & Security,"2021,2022,2022,2023",TBA,TBA,Planet Labs,"PlanetScope,PlanetScope,SkySat,SkySat","1m-10m, 1m-10m, <1m, <1m",TBA,TBA
2023-02-16,Das Sinnbild des Grauens,https://www.zeit.de/politik/ausland/2023-02/bachmut-ukraine-krieg-zerstoerung-frontverlauf,Die Zeit,Europe,Ukraine,Russo-Ukrainian war,Humanitarian Impact,"2023,2023,2023",TBA,TBA,"Planet Labs,ESA,NASA/USGS","PlanetScope,Sentinel-1,Landsat-8","1m-10m, 1m-10m, >10m",TBA,TBA
2022-12-06,The gold-mining city that is destroying a sacred Venezuelan mountain,https://www.washingtonpost.com/world/2022/12/06/venezuela-yapacana-gold-mining/,Washington Post,South America,Venezuela,Gold mining,Resources & Commodities,"2000,2022,2022,2022",TBA,TBA,"NASA/USGS,NASA/USGS,Planet Labs,Vantor","Landsat,Landsat,PlanetScope,TBA",">10m, >10m, 1m-10m, <1m",TBA,TBA
2022-10-17,"The scale of Russian attacks on Ukraine’s energy infrastructure, visualized",https://www.washingtonpost.com/investigations/2022/10/14/ukraine-infrastructure-damage/,Washington Post,Europe,Ukraine,Russo-Ukrainian war,Infrastructure,"2022,2022",TBA,TBA,"Planet Labs,Vantor","PlanetScope,TBA","1m-10m, <1m",TBA,TBA
2022-10-10,Russo-Ukrainian war: What do satellite images of the Kerch Bridge explosion tell us about the cause of the blast?,https://news.sky.com/story/ukraine-war-what-do-satellite-images-of-the-kerch-bridge-explosion-tell-us-about-the-cause-of-the-blast-12717323,Sky News,Europe,Ukraine,Russo-Ukrainian war,Conflict & Security,"2022,2022",TBA,TBA,"Vantor,Planet Labs","WorldView,SkySat","<1m, <1m",TBA,TBA
2022-09-21,"Hurricane Fiona’s destruction of Puerto Rico, in maps and photos",https://www.washingtonpost.com/nation/2022/09/21/puerto-rico-hurricane-fiona-flooding/,Washington Post,North America,Puerto Rico,Hurricane Fiona,Disaster & Climate,"2022,2022",TBA,TBA,"ESA,Planet Labs","Sentinel-1,PlanetScope",">10m, 1m-10m",TBA,TBA
2022-09-19,Pakistan and its submerged cities,https://www.reuters.com/graphics/PAKISTAN-WEATHER/FLOODS/zgvomodervd/,Reuters,Asia,Pakistan,Pakistan Floods,Disaster & Climate,2022,TBA,TBA,"ESA,NGA,",Sentinel-2,1m-10m,TBA,TBA
2022-08-02,The Illegal Airstrips Bringing Toxic Mining to Brazil’s Indigenous Land,https://www.nytimes.com/interactive/2022/08/02/world/americas/brazil-airstrips-illegal-mining.html,The New York Times,South America,Brazil,Illigal Mining,Resources & Commodities,"2020,2020,2021,2022",TBA,TBA,"Airbus,Planet Labs,Planet Labs,Planet Labs","TBA,PlanetScope,PlanetScope,SkySat","1m-10m, 1m-10m, 1m-10m, <1m",TBA,TBA
2022-04-27,"Satellite images show heavy damage to Mariupol steelworks, expansion of cemetery and Russian tanks amassing near Ukraine's border",https://www.abc.net.au/news/2022-04-27/mariupol-satellite-images-russia-tanks-vehicles-belgorod/101017856,ABC Australia,Europe,Ukraine,Russo-Ukrainian war,Conflict & Security,"2022,2022",TBA,TBA,"Vantor,Planet Labs","TBA,SKySat","<1m, <1m",TBA,TBA
2022-03-11,"Satellite Photos Show Massive Russian Column Near Kyiv Spreading Out Into Villages, Forests",https://www.rferl.org/a/ukraine-satellite-images-kyiv-chernobyl/31747875.html,Radio Free Europe/Radio Liberty,Europe,Ukraine,Russo-Ukrainian war,Conflict & Security,2022,TBA,TBA,Vantor,WorldView,<1m,TBA,TBA
2022-01-17,"In Volcano’s Aftermath, an Agonizing Wait for Tonga News",https://www.nytimes.com/2022/01/17/world/asia/tonga-volcano.html,The New York Times,Oceania,Tonga,Hunga Tonga–Hunga Haʻapai eruption,Disaster & Climate,TBA,TBA,TBA,TBA,TBA,TBA,TBA,TBA
2021-11-03,"In Ukraine, there are about 20,000 fires on arable land yearly",https://texty.org.ua/projects/105282/ukraine-there-are-about-20000-fires-arable-land-yearly/,Texty,Europe,Ukraine,Wirldfires,Disaster & Climate,"2018,2019,2020,2021",TBA,TBA,"ESA,ESA,NASA/NOAA,NASA/NOAA","Sentinel-2,Sentinel-2,FIRMS,FIRMS","1m-10m, 1m-10m, >10m, >10m",TBA,TBA
2021-10-19,"Russia allows methane
leaks at planet’s peril",https://www.washingtonpost.com/climate-environment/interactive/2021/russia-greenhouse-gas-emissions/?utm_campaign=wp_main&utm_medium=social&utm_source=twitter,Washington Post,Asia,Russia,Methane Leak,Resources & Commodities,"2021,2021",TBA,TBA,"ESA,NASA/NOAA","Sentinel-5P,Suomi NPP",">10m, >10m",TBA,TBA
2021-08-18,Das Drama vom Kabul Airport,https://www.zeit.de/politik/ausland/2021-08/flughafen-kabul-satellitenbilder-situation-chaos,Die Zeit,Asia,Afghanistan,2021 Kabul airlift,Humanitarian Impact,"2021,2021,2021",TBA,TBA,"Vantor,Planet Labs,Planet Labs","WorldView,PlanetScope,SkySat","<1m, 1m-10m, <1m",TBA,TBA
2021-02-26,Disaster in the Himalayas,https://www.reuters.com/graphics/INDIA-DISASTER/LANDSLIDE/ygdvzeaxypw/,Reuters,Asia,Himalaya,Landslide,Disaster & Climate,"2017,2019,2021,2021",TBA,TBA,"Airbus,Airbus,Airbus,Planet Labs","Pleiades,Pleiades,Pleiades,Planet Labs","<1m, <1m, <1m, 1m-10m","Optical, Optical, Optical, Optical",TBA
2020-12-11,World’s biggest iceberg heads for disaster,https://www.reuters.com/graphics/CLIMATE-CHANGE/ICEBERG/yzdvxjrbzvx/,Reuters,Antarctica,Antarctica,Iceberg,Disaster & Climate,2020,TBA,TBA,NASA,Suomi-VIIRS,>10m,"TBA, TBA, TBA",TBA
2020-09-29,Big oil's dirty secret in Iraq,https://projects.unearthed.greenpeace.org/big-oil-iraq/,Unearthed,Asia,Iraq,Oil Industry,Resources & Commodities,"2022,2022,2022",TBA,TBA,"Copernicus,Vantor,NASA/USGS","Sentinel-2,WorldView,Landsat 8",">10m, <1m, >10m","TBA, TBA, TBA",TBA
2020-03-22,Traffic and Pollution Plummet as U.S. Cities Shut Down for Coronavirus,https://www.nytimes.com/interactive/2020/03/22/climate/coronavirus-usa-traffic.html,The New York Times,North America,USA,COVID-19,Disaster & Climate,"2019,2020",TBA,TBA,ESA,Sentinel-5P,TBA,TBA,TBA
2018-12-31,A remote home for the Rohingya,https://www.reuters.com/graphics/MYANMAR-ROHINGYA/010060Z21XP/,Reuters,Asia,Bangladesh,Rohingya crisis,Humanitarian Impact,"2017,2018",TBA,TBA,"Planet Labs,Planet Labs","PlanetScope,PlanetScope","1m-10m, 1m-10m","Optical, Optical",TBA
2018-10-04,Destruction in Palu,https://www.reuters.com/graphics/INDONESIA-QUAKE/010080MZ19R/,Reuters,Asia,Indonesia,2018 Sulawesi earthquake and tsunami,Disaster & Climate,"2018,2018,2018",TBA,TBA,"NASA/USGS,Planet Labs,Planet Labs","Landsat 8,SkySat,PlanetScope",">10m, <1m, 1m-10m","TBA, Optical, Optical",TBA
2017-12-04,Life in the camps,https://www.reuters.com/graphics/MYANMAR-ROHINGYA/010051VB46G/,Reuters,Asia,Bangladesh,Rohingya crisis,Humanitarian Impact,2017,TBA,TBA,Planet Labs,PlanetScope,1m-10m,Optical,TBA
2017-10-13,Why the 2017 fire season has been one of California’s worst,https://www.latimes.com/projects/la-me-california-fire-seasons/,Los Angeles Times,North America,USA,Wildfires,Disaster & Climate,2017,TBA,TBA,NASA/USGS,Landsat 8,>10m,"Optical, Optical",TBA
2017-08-31,Before-and-After Satellite Images of Harvey's Devastation,https://www.theatlantic.com/technology/archive/2017/08/before-and-after-satellite-images-of-harveys-devastation/538650/,The Atlantic,North America,USA,Hurricane Harvey,Disaster & Climate,"2016,2017",TBA,TBA,"Vantor,Vantor","TBA,TBA","<1m, <1m","Optical, Optical",TBA
2016-10-21,"The Battle for Mosul, in One Image",https://www.nytimes.com/interactive/2016/10/21/world/middleeast/mosul-peshmerga-isis.html?_r=0,The New York Times,Asia,Iraq,The Battle for Mosul,Conflict & Security,(men) 2016,(add) OCT,(add) 20,(men) NASA/USGS,(add) Landsat 8,>10m,Optical,True Color
2016-05-10,Das sind Deutschlands grünste Großstädte,https://interaktiv.morgenpost.de/gruenste-staedte-deutschlands/,Berliner Morgenpost,Europe,Germany,Vegetation Index,Territory & Land Transformation,"2005-2015,2005-2015,2005-2015",TBA,TBA,"NASA/USGS,NASA/USGS,NASA/USGS","Landsat 5,Landsat 7,Landsat 8",">10m, >10m, >10m","Multispectral, Multispectral, Multispectral","NDVI, NDVI, NDVI"
2016-02-29,What China Has Been Building in the South China Sea,https://www.nytimes.com/interactive/2015/07/30/world/asia/what-china-has-been-building-in-the-south-china-sea-2016.html,The New York Times,Asia,South China Sea,South China Sea Territorial Disputes,Territory & Land Transformation,"(men) 2015, (men) 2015, (men) 2016, (men) 2015, (men) 2015, (men) 2011, (men) 2012, (men) 2014, (men) 2016","(men) MAR, (men) SEP, (men) JAN, (men) APR, (men) SEP, (mis) –, (mis) –, (men) JAN, (men) FEB","(mis) –, (mis) –, (mis) –, (mis) –, (mis) –, (mis) –, (mis) –, (mis) –, (mis) –","(men) Vantor, (men) Vantor, (men) Vantor, (men) Vantor, (men) Vantor, (men) Vantor, (men) Vantor, (men) Vantor, (men) Vantor","(mis) –, (mis) –, (mis) –, (mis) –, (mis) –, (mis) –, (mis) –, (mis) –, (mis) –","<1m, <1m, <1m, <1m, <1m, <1m, <1m, <1m, <1m","Optical, Optical, Optical, Optical, Optical, Optical, Optical, Optical, Optical","True Color, True Color, True Color, True Color, True Color, True Color, True Color, True Color, True Color"
2015-10-27,Greenland Is Melting Away,https://www.nytimes.com/interactive/2015/10/27/world/greenland-is-melting-away.html,The New York Times,North America,Greenland,Ice Melting,Disaster & Climate,(mis) –,(mis) –,(mis) –,(men) NASA/USGS,(men) Landsat,>10m,Optical,True Color